Full Name,Gender,Email,Phone,Country
Luka Forsmo,female,luka.forsmo@example.com,56200535,Norway
Alice Kelly,female,alice.kelly@example.com,051-466-6318,Ireland
Davut Duygulu,male,davut.duygulu@example.com,(434)-277-7831,Turkey
Marceau Roger,male,marceau.roger@example.com,04-33-31-64-95,France
Ishita Saniel,female,ishita.saniel@example.com,9961965902,India
Gonzalo Lozano,male,gonzalo.lozano@example.com,941-767-556,Spain
Eeli Ahonen,male,eeli.ahonen@example.com,05-640-262,Finland
Lila Colin,female,lila.colin@example.com,02-71-95-69-62,France
Evander Holtjer,male,evander.holtjer@example.com,(098) 2995221,Netherlands
Seamus Mcdonalid,male,seamus.mcdonalid@example.com,011-554-0249,Ireland
